Product Id,Product Handle,Product Title,Product Subtitle,Product Description,Product Status,Product Thumbnail,Variant Id,Variant Title,Variant SKU,Variant Allow Backorder,Variant Manage Inventory,Variant Price USD
prod_4j1g3vlt6k2ng93erye4j6p936,rma-1780293865875-h_pgk4,RMA_1780293865875,,,draft,,variant_59fxtu8e52qoesrze68a1ws5q2,Default,RMA_1780293866002,FALSE,TRUE,
prod_yrmb4heotw3gjuh9wykvlomojn,t1,测试产品_T1,,,draft,,,,,,,
prod_0cn4d3jpzd1spjmm64gdhkziun,search-test-1779967664527,SEARCH_TEST_1779967664527,,,draft,,,,,,,
prod_y879lnqfwar0x9hced1numeqgf,handle_zkvz29boj16bnhyu6uesd0l6ze,详情测试,,,draft,,,,,,,
prod_orwmvw6zyd0o60g73zlb1fa5lb,handle_558a22ro6pv6m4hnnxtve9ley0,更新前,,,draft,,,,,,,
prod_yoqjierp40v9nskt106ryit0v1,handle_q0zo7du42fjewmeo51kj2riq4o,待删除,,,draft,,,,,,,
prod_g9zo40hlamtleastbq2jstwkrk,handle_chzfettvu6s10kyocdx2ssyxpi,变体测试产品,,,draft,,variant_8tnqxjlhyh6f9fh64wamijhunf,Red Variant,SKU_1779967668682,FALSE,TRUE,
prod_g9zo40hlamtleastbq2jstwkrk,handle_chzfettvu6s10kyocdx2ssyxpi,变体测试产品,,,draft,,variant_0eh5mub6md75ofqp18t42muu72,Updated,,FALSE,TRUE,
prod_g9zo40hlamtleastbq2jstwkrk,handle_chzfettvu6s10kyocdx2ssyxpi,变体测试产品,,,draft,,variant_txme0zzmakdxdldlmafq657x6j,Batch Created,BATCH_1779967669876,FALSE,TRUE,
prod_f09kmcjen7wkl9t8qrwtbd3u17,handle_p6m0pgpzqbzxlfavhznlmjvt9z,选项测试产品,,,draft,,,,,,,
prod_4n22blb0qub0gdacbtdsnwma9b,rma-1780293919715-h_u0wv,RMA_1780293919715,,,draft,,variant_ficcuq9pcrk1i2qjbyeweywtl5,Default,RMA_1780293919846,FALSE,TRUE,
prod_ei6nw1eey2q8900r8j0q8mny2x,1779967935936,测试产品_1779967935936,,,draft,,,,,,,
prod_xruzv9qkwfqsa2f1dgcnczh9j3,1779968011054-h_tcl5,测试产品_1779968011054,,,draft,,,,,,,
prod_07krgom39el877vp9jvhg4vxhq,rma-1780293930491-h_gq1j,RMA_1780293930491,,,draft,,variant_304egdsqo2wcqs7lzl5pxfq2k4,Default,RMA_1780293930605,FALSE,TRUE,
prod_dqu1wtcxmim6luybvpspv7aa0v,1779967912493,测试产品_1779967912493,,,draft,,,,,,,
prod_hvfplnv6vvjfxak8rky4x0iyxn,1779968033519-h_u9tv,测试产品_1779968033519,,,draft,,,,,,,
prod_yv762rlswkjyim8s1pfrk3lpjb,1779968056108-h_hz7q,测试产品_1779968056108,,,draft,,,,,,,
prod_suglx8jqkj5w9yfdr7djv5s0fc,search-test-1780042879866-h_9e04,SEARCH_TEST_1780042879866,,,draft,,,,,,,
prod_h3p0k1bqdbfmo52cbmubk02sjw,1780042894868-h_mpqd,详情测试_1780042894868,,,draft,,,,,,,
prod_30vfc5srv0v5b2yx2fvxncgyni,1780042941126-h_lc7t,更新前_1780042941126,,,draft,,,,,,,
prod_ysp5yvfgv5rze96n6n3ox9vimm,1780042956746-h_weir,待删除_1780042956746,,,draft,,,,,,,
prod_biqjleilhj3dd19x7mmisq0x62,1780042971753-h_d9dg,变体测试_1780042971753,,,draft,,variant_xzriaxbyuslpiwvy29s1oua0u8,Red Variant,SKU_1780042972978,FALSE,TRUE,
prod_biqjleilhj3dd19x7mmisq0x62,1780042971753-h_d9dg,变体测试_1780042971753,,,draft,,variant_uv3044npvyxi663xsbrhj7hw1z,Updated,,FALSE,TRUE,
prod_biqjleilhj3dd19x7mmisq0x62,1780042971753-h_d9dg,变体测试_1780042971753,,,draft,,variant_d0d8g06miuvjmp13sj0izcrjyj,Batch Created,BATCH_1780042977319,FALSE,TRUE,
prod_em79m3upiirjbqbml00kbl2vlf,1780042979166-h_u21s,选项测试_1780042979166,,,draft,,,,,,,
prod_35ddjifnnadizodszoqhq0uykb,1780043178509-h_d3jq,测试产品_1780043178509,,,draft,,,,,,,
prod_rtmw5z2kssjpzxcvrvoj590glq,search-test-1780043182686-h_h7i4,SEARCH_TEST_1780043182686,,,draft,,,,,,,
prod_phcegwtkkvd54dwpmasge6chce,1780043183950-h_ccc5,详情测试_1780043183950,,,draft,,,,,,,
prod_89jghybggxkr12pliz1ijt2grg,1780043230210-h_2gjj,更新前_1780043230210,,,draft,,,,,,,
prod_oywj7vyubcb9enui37cw9binv9,1780043245837-h_bpj9,待删除_1780043245837,,,draft,,,,,,,
prod_xnzoifiiuasn5p25fo32qnypn1,1780043260847-h_zumo,变体测试_1780043260847,,,draft,,variant_bd097yqma10vloe93g6qgd462y,Red Variant,SKU_1780043262094,FALSE,TRUE,
prod_xnzoifiiuasn5p25fo32qnypn1,1780043260847-h_zumo,变体测试_1780043260847,,,draft,,variant_0pcg23b23cqeowmd5w8r0po9pg,Updated,,FALSE,TRUE,
prod_xnzoifiiuasn5p25fo32qnypn1,1780043260847-h_zumo,变体测试_1780043260847,,,draft,,variant_sch7pl2zct1aq3r6ol9amm7qvb,Batch Created,BATCH_1780043266512,FALSE,TRUE,
prod_3jtwywbsri3uuxrbqr96m9hha3,1780043268387-h_jb2i,选项测试_1780043268387,,,draft,,,,,,,
prod_l2o3nepht2ruwm5f105dt5pdlu,1780043305163-h_twbp,测试产品_1780043305163,,,draft,,,,,,,
prod_ai2y4ubz1y94ij3grw364pofz2,search-test-1780043309586-h_656n,SEARCH_TEST_1780043309586,,,draft,,,,,,,
prod_kn6fy0463jd0uv2w19qf86tyqg,1780043310881-h_ij29,详情测试_1780043310881,,,draft,,,,,,,
prod_cswapxuukm2xu9ieyp020b7eop,1780043474576-h_r5rf,变体测试_1780043474576,,,draft,,variant_gxl6254ymf91i1i1smi5s4ciys,Updated,,FALSE,TRUE,
prod_cswapxuukm2xu9ieyp020b7eop,1780043474576-h_r5rf,变体测试_1780043474576,,,draft,,variant_2qul9vl7e0xd630w7r8jqyb8g8,Batch Created,BATCH_1780043542103,FALSE,TRUE,
prod_lvz3u7c5mgaaap6f1c64mesyey,1780043572752-h_b9w5,选项测试_1780043572752,,,draft,,,,,,,
prod_wc7yquiqh7ughms5lnua7lxhhx,1780122756772-h_995f,测试产品_1780122756772,,,draft,,,,,,,
prod_ma0ae49rg8vxwodc4e8av3xejm,search-test-1780122759543-h_qbl7,SEARCH_TEST_1780122759543,,,draft,,,,,,,
prod_f0tg4nttsjjkmm42jzp0hd29sz,1780122760476-h_rqy2,详情测试_1780122760476,,,draft,,,,,,,
prod_w35nrg61llqwe90lv28k7iquks,catprod-1780293967697-h_4sju,CatProd_1780293967697,,,draft,,,,,,,
prod_jxr234xnp67lydrksqxgier8pv,carttest-1780128939704-h_1vfo,CartTest_1780128939704,,,draft,,variant_fg0imt6q6c8ooz0mvzpdt3agej,Default,CART_1780128939847,FALSE,TRUE,
prod_vlnx0btu0umot5h1dg2d0uqkl2,batch-1780129020846-h_agx9,Batch_1780129020846,,,draft,,,,,,,
prod_hnj7lkqqq52rswknt2paynq4qk,carttest-1780129055532-h_dm4a,CartTest_1780129055532,,,draft,,variant_fm7cyixcr2lgzbwkugxb0w4alm,Default,CART_1780129055716,FALSE,TRUE,
prod_dclrpjndzrrg0320hceep8teyv,carttest-1780129112201-h_bhr6,CartTest_1780129112201,,,draft,,variant_80ewx69nkqkyjj9puhbr1uak0y,Default,CART_1780129112407,FALSE,TRUE,
prod_7pppjwthc0q9l9ee4h5cq8s674,carttest-1780129166381-h_vj7p,CartTest_1780129166381,,,draft,,variant_7jtu0kp85lnvyszb9o0qb2ufyy,Default,CART_1780129166794,FALSE,TRUE,
prod_1ddqxeqslysl23qktbgxtlljga,colprod-1780133645975-h_skrg,ColProd_1780133645975,,,draft,,,,,,,
prod_8ep4k694z2yctrbukukwv8h9pm,carttest-1780130537842-h_e6zu,CartTest_1780130537842,,,draft,,variant_ucrm3ick8wenfup82k31rrfr2n,Default,CART_1780130538061,FALSE,TRUE,
prod_fh9w3grr1bc8gym1d1e1pvjxny,batch-1780130540109-h_6llp,Batch_1780130540109,,,draft,,,,,,,
prod_ftpnabg8zjkctwrijo558d2g0l,carttest-1780132693631-h_0ofn,CartTest_1780132693631,,,draft,,variant_hvgj0vkq8ujcyfeswu6zr4oxit,Default,CART_1780132693829,FALSE,TRUE,
prod_d8fts0bhxt15aqvtsm79hqy3y9,carttest-1780133117049-h_d7oa,CartTest_1780133117049,,,draft,,variant_szc61eo6ijpczxo11a0x8jcd6i,Default,CART_1780133117347,FALSE,TRUE,
prod_5rmluzp7jqpxdnw8p3g151y67o,batch-1780133194057-h_e1rg,Batch_1780133194057,,,draft,,,,,,,
prod_5jrp8y80bb4fhasqo3726amg4c,rma-1780133561213-h_xeu1,RMA_1780133561213,,,draft,,variant_za7qdqq99qly2xlm39nv3psenw,Default,RMA_1780133561336,FALSE,TRUE,
prod_n94sysm7mezgek0zdw43lvzmxl,rma-1780133569262-h_m9gj,RMA_1780133569262,,,draft,,variant_hs1cl35fj93ih01lo9tbtbwa0y,Default,RMA_1780133569381,FALSE,TRUE,
prod_k485q3kuvht4pkglgilrbe592g,rma-1780133617224-h_l3ea,RMA_1780133617224,,,draft,,variant_30a82qs7kvwgtpz1jnudb0ysk4,Default,RMA_1780133617352,FALSE,TRUE,
prod_9n2vpho1du9o6qyp5yi31ic396,catprod-1780133645253-h_5uhu,CatProd_1780133645253,,,draft,,,,,,,
prod_khd3dmr06ldz0var24jj48tcjq,rma-1780133650934-h_18kc,RMA_1780133650934,,,draft,,variant_dixsvxewlwj5hycs71ntkuid7s,Default,RMA_1780133651067,FALSE,TRUE,
prod_s0qy68kzvg1jfr3ri6bv0g68qi,rma-1780133663723-h_cjw0,RMA_1780133663723,,,draft,,variant_mlbsxzjsag8kdbsx7pr4xf7ewv,Default,RMA_1780133663850,FALSE,TRUE,
prod_hq4bfits2semjr4phykpsnhfxs,colprod-1780133713827-h_0v2h,ColProd_1780133713827,,,draft,,,,,,,
prod_9bqotl8m0judzys7i0zh14eynt,catprod-1780134458677-h_kefp,CatProd_1780134458677,,,draft,,,,,,,
prod_q23u7vn9yg4unoi14nw05mguh9,colprod-1780134459445-h_1m32,ColProd_1780134459445,,,draft,,,,,,,
prod_lhdoky2ug1r7t3d75cfe2d908y,catprod-1780134715214-h_ffkj,CatProd_1780134715214,,,draft,,,,,,,
prod_zqx6wgfswpun2pnxfmc6x3j23u,colprod-1780134717117-h_tf9l,ColProd_1780134717117,,,draft,,,,,,,
prod_fzxgp2kr9hdwyaemhcfbz1epem,batch-1780135477124-h_t427,Batch_1780135477124,,,draft,,,,,,,
prod_uj9m4d7hbtceab2r88fmks2gx7,rma-1780135481097-h_waft,RMA_1780135481097,,,draft,,variant_ipjytz4dw9ijnw0r750lpkbrv3,Default,RMA_1780135481226,FALSE,TRUE,
prod_yfnr3q8q47bxrbit83ujm5zxhz,import_test_1780293974951,导入测试产品,,描述,draft,,variant_dn7rjk0wymmv9qqwil5sg68s60,默认,SKU_1780293974951,FALSE,TRUE,19.99
prod_1lp5m01iy7lgh2vo6uavkhr9tx,batch-1780128940822-h_2fhl,Batch_1780128940822,,,draft,,,,,,,
prod_keprgtyfv5sebyda46b7z8l4o7,carttest-1780129019954-h_4iiu,CartTest_1780129019954,,,draft,,variant_xra5rawgduwb4s6gmlvag8ko2h,Default,CART_1780129020113,FALSE,TRUE,
prod_e9gw0rfozon8th9kwmgxh7vcwf,batch-1780129055952-h_bqhe,Batch_1780129055952,,,draft,,,,,,,
prod_fdh7z30m88zqb2vdxev5dwsqot,colprod-1780293969978-h_ihj8,ColProd_1780293969978,,,draft,,,,,,,
prod_fhs9wutbd45qzgnlcrsmtd88ss,batch-1780129112221-h_hxbh,Batch_1780129112221,,,draft,,,,,,,
prod_8za003rri53drfbxloxhufma8v,batch-1780129164618-h_p3z3,Batch_1780129164618,,,draft,,,,,,,
prod_nyibd64vegpc1yv16fblb0h0l8,carttest-1780129197850-h_7b51,CartTest_1780129197850,,,draft,,variant_292mfuay43v4nkqtxr3thws7k4,Default,CART_1780129198006,FALSE,TRUE,
prod_czv0pru8tezead536shk7pzopv,batch-1780130471976-h_teta,Batch_1780130471976,,,draft,,,,,,,
prod_ti7l22yr4tmht3bf4oi96k1bc7,carttest-1780130473014-h_op3x,CartTest_1780130473014,,,draft,,variant_81it9bq3lubfnredrro4td5qd1,Default,CART_1780130473451,FALSE,TRUE,
prod_dsqtdhevq1gcwc7cm7af69vscg,import_test_1780132693637,导入测试产品,,描述,draft,,variant_0ahlllrfzgg9x71lx0kcln4tbi,默认,SKU_1780132693637,FALSE,TRUE,19.99
prod_mgcahxmxr6q8x5kbpjxnal8aa4,batch-1780133119221-h_efnk,Batch_1780133119221,,,draft,,,,,,,
prod_ox9v4djcmj97p2clhnxm37ahrf,import_test_1780133193881,导入测试产品,,描述,draft,,variant_9t90uc0yhyhh4em5svpfapsrw8,默认,SKU_1780133193881,FALSE,TRUE,19.99
prod_zlvu960mqz25xvsl9spc9dh9t3,catprod-1780133607448-h_1yx4,CatProd_1780133607448,,,draft,,,,,,,
prod_7r50t5e3y0mnw46qlxr08dv7r9,colprod-1780133609008-h_6juo,ColProd_1780133609008,,,draft,,,,,,,
prod_ybtwgkr0kifso4m1r9zhrcbvzd,rma-1780133706423-h_39yy,RMA_1780133706423,,,draft,,variant_rj3f3zjtdyqmvcmrqzg67b9q58,Default,RMA_1780133706551,FALSE,TRUE,
prod_zop9wwdhfh6aq1gx16c80cj6ez,rma-1780133718486-h_ymah,RMA_1780133718486,,,draft,,variant_witpga1711mi08562fn74tmy51,Default,RMA_1780133718610,FALSE,TRUE,
prod_hf4ct5iv4o6tes7g41nity15ox,catprod-1780134355473-h_uvmf,CatProd_1780134355473,,,draft,,,,,,,
prod_2hum4vmd4nl2dho1qh1atk412s,colprod-1780134356143-h_vwb2,ColProd_1780134356143,,,draft,,,,,,,
prod_zsooul91w5prkeliaryegubjk8,catprod-1780134521053-h_33la,CatProd_1780134521053,,,draft,,,,,,,
prod_p0xt49vlm9lmkd75q2x1nqrpyd,colprod-1780134522568-h_di9v,ColProd_1780134522568,,,draft,,,,,,,
prod_d5g3bc6j9ayv6pidm6lgwmdg9y,import_test_1780135477103,导入测试产品,,描述,draft,,variant_3ch35qzcxu2n5x1gasf03fqsjp,默认,SKU_1780135477103,FALSE,TRUE,19.99
prod_wzy5wfywg5xsghqk8vhwe0h6te,carttest-1780135480367-h_qucs,CartTest_1780135480367,,,draft,,variant_eettxcao614gy3chlzkh6syf9v,Default,CART_1780135480809,FALSE,TRUE,
prod_2jn7gd138gas57og220xjpi43e,rma-1780135486875-h_ljgj,RMA_1780135486875,,,draft,,variant_kqranwkz8yhbgy2r5s66n7m8hs,Default,RMA_1780135486994,FALSE,TRUE,
prod_9ip5kuo5t8danoo8d2qwmi1wyc,checkout-1780293976827-h_yz7s,Checkout_1780293976827,,,draft,,variant_pla72wuocjkodw2y4cwym8819w,Default,CHK_1780293976952,FALSE,TRUE,
prod_qwoqqohaxn0ataoxebr8uhqm16,batch-1780129199710-h_pzuj,Batch_1780129199710,,,draft,,,,,,,
prod_gc258a7fwbtucrv8untvfoo30w,import_test_1780130471978,导入测试产品,,描述,draft,,variant_126w5qawion16l8xgqwfhi56oi,默认,SKU_1780130471978,FALSE,TRUE,19.99
prod_osly6ahhdregl55zf18cil3fw5,checkout-1780130492406-h_iv6j,Checkout_1780130492406,,,draft,,variant_cj5o52nowjwlfbzurqovltosgj,Default,CHK_1780130492574,FALSE,TRUE,
prod_gkdee2t79krvce5yzyzdbt1g16,import_test_1780130537786,导入测试产品,,描述,draft,,variant_81vcao56ckb74yv8hmd5vtcmcl,默认,SKU_1780130537786,FALSE,TRUE,19.99
prod_tuwiclgeykyotc2h9wxbnssuof,checkout-1780130558330-h_d161,Checkout_1780130558330,,,draft,,variant_cwufhvwewtzukd7grfwsolbm6h,Default,CHK_1780130558490,FALSE,TRUE,
prod_ftkm5srs4fpml5n5vb6vper1j2,batch-1780132693587-h_2cic,Batch_1780132693587,,,draft,,,,,,,
prod_1at3ctf29sozgak580zcazubdm,checkout-1780132711503-h_g10k,Checkout_1780132711503,,,draft,,variant_ozv8y95vw7vw99mi94fn1nqpjq,Default,CHK_1780132711636,FALSE,TRUE,
prod_bgd61pgb2aj7fyyu52qez13jpf,import_test_1780133117086,导入测试产品,,描述,draft,,variant_2vr8df5suwfocoka7oqq37b7nm,默认,SKU_1780133117086,FALSE,TRUE,19.99
prod_s8jxmqc88epfi9y77xf2s837ub,checkout-1780133143831-h_r21q,Checkout_1780133143831,,,draft,,variant_b5synwri4yknixah62t0o2a6m9,Default,CHK_1780133144011,FALSE,TRUE,
prod_uetvfpvcdki96z2gbcataby62f,carttest-1780133192956-h_ygxl,CartTest_1780133192956,,,draft,,variant_vdoditmula0tgl74a239aavkq3,Default,CART_1780133193145,FALSE,TRUE,
prod_u5r27qnm7cy4yoqydu9xqisjog,checkout-1780133258637-h_bxgh,Checkout_1780133258637,,,draft,,variant_23yok0qbskhrbp9fflpdnfboeh,Default,CHK_1780133261503,FALSE,TRUE,
prod_rcodrk46wmvfrvvf35kxvz3rsd,rma-1780133611175-h_z48y,RMA_1780133611175,,,draft,,variant_d4oci6ky14h7j06q6vlxxuwzri,Default,RMA_1780133611306,FALSE,TRUE,
prod_wum2xo3zfm5tu2umgkdw5uh5di,catprod-1780133710714-h_rb3c,CatProd_1780133710714,,,draft,,,,,,,
prod_ibpe1imhsy4g9etv7giic657jt,catprod-1780135488659-h_q9lb,CatProd_1780135488659,,,draft,,,,,,,
prod_rgzq1guz8i5k32k6r5ju40bidv,colprod-1780135491768-h_vwj9,ColProd_1780135491768,,,draft,,,,,,,
prod_erre7c6kxwjg40acftmbima5rf,rma-1780135494749-h_t888,RMA_1780135494749,,,draft,,variant_hozqws9u80ox01g9n7cdkzspga,Default,RMA_1780135495129,FALSE,TRUE,
prod_dsbxe0dyh8qj6hpmnl9niwikfu,batch-1780294009827-h_viaf,Batch_1780294009827,,,draft,,,,,,,
prod_uopcsyq5g7jusp44vf0icsu9dk,rma-1780294262814-h_lm6m,RMA_1780294262814,,,draft,,variant_n65olcb9jeggkzgzhtip5rxrmd,Default,RMA_1780294262976,FALSE,TRUE,
prod_in7w7whqeg9fyri5wku9d2a587,catprod-1780294314357-h_7ryf,CatProd_1780294314357,,,draft,,,,,,,
prod_c3v82b1zi3mmd16ca65g9h7sjw,colprod-1780294316766-h_ama0,ColProd_1780294316766,,,draft,,,,,,,
prod_m04j00n0gqft130n1akjxdefu9,carttest-1780294351311-h_erdm,CartTest_1780294351311,,,draft,,variant_anqs8k7jngytbkd1i3fjhxtpq5,Default,CART_1780294351746,FALSE,TRUE,
prod_0rrcunj77pookz4r3wawoluyvw,catprod-1780294526157-h_gp7b,CatProd_1780294526157,,,draft,,,,,,,
prod_q9h6kjzl557e4oczu0n5lstyxu,colprod-1780294527162-h_1x6o,ColProd_1780294527162,,,draft,,,,,,,
prod_rjo9u3ifxi2btg5317is67428p,rma-1780294534721-h_33op,RMA_1780294534721,,,draft,,variant_js006isnc1fztwrdqnsmnrwuoy,Default,RMA_1780294534883,FALSE,TRUE,
prod_la8vjawfffxiwevcz1qise8cgk,rma-1780294546314-h_4rns,RMA_1780294546314,,,draft,,variant_i9m95bz54labaqwsg41vu05u3l,Default,RMA_1780294546476,FALSE,TRUE,
prod_xqb3fnlc3xfmam97vlirz0u1zw,rma-1780294554947-h_fmfa,RMA_1780294554947,,,draft,,variant_gsi73qgtksz7ss82drxdqyk6tg,Default,RMA_1780294555112,FALSE,TRUE,
prod_mdjz8eh6gt8lrq27wg94yiz9e2,carttest-1780294573577-h_cpq4,CartTest_1780294573577,,,draft,,variant_kvg6t5bqlhlsohicu0srmz9yp0,Default,CART_1780294574008,FALSE,TRUE,
prod_rx8ed5cs7qjmneghgbgpiee0ne,rma-1780294614929-h_njzm,RMA_1780294614929,,,draft,,variant_z8dte27oikeixlbhqvv4ybbmoc,Default,RMA_1780294615092,FALSE,TRUE,
prod_fav2e8ykbhy4qwo97r3t4hy1to,rma-1780294630582-h_c55g,RMA_1780294630582,,,draft,,,,,,,
prod_dgl71c0viv0pxf1yljg7thwzw8,catprod-1780294688838-h_omf8,CatProd_1780294688838,,,draft,,,,,,,
prod_6cohb0m6o3iams4h5929abzahk,colprod-1780294690320-h_qb4m,ColProd_1780294690320,,,draft,,,,,,,
prod_gediygq4dw1fz6uqw29i2hgm5k,import_test_1780294779281,导入测试产品,,描述,draft,,variant_vblga4vigidd2qd7sqplp5ja5y,默认,SKU_1780294779281,FALSE,TRUE,19.99
prod_hk0x0xpdokdzqyph2fogxyejmv,checkout-1780294785458-h_johj,Checkout_1780294785458,,,draft,,variant_vmpl8owkqiq6idejs5n3r0h17t,Default,CHK_1780294785831,FALSE,TRUE,
prod_y6a43tgilrj0muse6zhjub0j0o,batch-1780294816665-h_wnrw,Batch_1780294816665,,,draft,,,,,,,
prod_6xiph2icqzogbcouu0hyn93ert,carttest-1780294865543-h_6as7,CartTest_1780294865543,,,draft,,variant_k18nx4j4tr3dh7guvmof1rf0x1,Default,CART_1780294865700,FALSE,TRUE,
prod_q663x7zfnvt7aj4dmngtf2b1jr,carttest-1780295313149-h_9e5g,CartTest_1780295313149,,,draft,,variant_fpjx8o781ng2a1wy83akxvwjql,Default,CART_1780295313358,FALSE,TRUE,
prod_oagdm808mo6khdc2u8nusk0ag9,carttest-1780295444315-h_u5vw,CartTest_1780295444315,,,draft,,variant_mv4ommtvf5pd6t22s94llxqbxg,Default,CART_1780295444745,FALSE,TRUE,
prod_nv41pmb7x98vpwrrzqaaep94t0,carttest-1780295573946-h_uovk,CartTest_1780295573946,,,draft,,variant_wabqi6enot93pbxmw2twbytzyy,Default,CART_1780295574398,FALSE,TRUE,
prod_dsp1q3cbfq67omm05b0faqkqlr,carttest-1780295766743-h_kydu,CartTest_1780295766743,,,draft,,variant_xxof4idqc0s9vkgcci63geyjvw,Default,CART_1780295766934,FALSE,TRUE,
prod_exhx7s26xn4lip7syirl49wnbf,rma-1780309372806-h_aasf,RMA_1780309372806,,,draft,,variant_ggel8pbiuodyxd5bklzvzcpm6j,Default,RMA_1780309372967,FALSE,TRUE,
prod_1lgxv7mybhz39mfsal5o0u6uwd,batch-1780309438182-h_jpev,Batch_1780309438182,,,draft,,,,,,,
prod_r77l4edg7qbqm69drmxedfi6z1,rma-1780309465542-h_v3cs,RMA_1780309465542,,,draft,,variant_tl6cmuldnvoxzqu3cxj4rfqawc,Default,RMA_1780309465708,FALSE,TRUE,
prod_hnoh3lzklpuugxqcdvrbrrqfly,carttest-1780309504311-h_8fmq,CartTest_1780309504311,,,draft,,variant_nejlyjeb2wz3boiyjl9p7hp58n,Default,CART_1780309504571,FALSE,TRUE,
prod_v3esiuhe36gtdpchhrdr68nbej,rma-1780310564442-h_d9hv,RMA_1780310564442,,,draft,,variant_rskppdnvaqy3v0afwj23rxnq0l,Default,RMA_1780310564598,FALSE,TRUE,
prod_4iqubteeld9yuf8kaea7j6d4bw,import_test_1780310597858,导入测试产品,,描述,draft,,variant_s0km8tbaxjh053dasuxsel9y4e,默认,SKU_1780310597858,FALSE,TRUE,19.99
prod_d28e7jqjrwzk0kacg3jqegln1t,checkout-1780310600149-h_8ikf,Checkout_1780310600149,,,draft,,variant_shu4tr274lirrfj5rg2mq4j5w9,Default,CHK_1780310600308,FALSE,TRUE,
prod_hs9g8efo1aroc161n21y539e1f,batch-1780310603894-h_t9ph,Batch_1780310603894,,,draft,,,,,,,
prod_dw1bgibpmnvr9nsjc8fimw7yq9,checkout-1780135500424-h_xola,Checkout_1780135500424,,,draft,,variant_esuwbbn1qgtafl10oosnb6q937,Default,CHK_1780135500548,FALSE,TRUE,
prod_kc0m7nymhclkfn2gc5q30opav5,rma-1780135651164-h_xcjc,RMA_1780135651164,,,draft,,variant_h74gayjmbb9q8677qjnegwx5xd,Default,RMA_1780135651289,FALSE,TRUE,
prod_lejs1399fzy06r85ug1p84dcx9,rma-1780135661508-h_mbpg,RMA_1780135661508,,,draft,,variant_ax29kbz67w2ycmqdbob2c7wetv,Default,RMA_1780135661635,FALSE,TRUE,
prod_3euo46v9wi6a9xgthivqc60293,rma-1780135667728-h_n34u,RMA_1780135667728,,,draft,,variant_xivquj5pkk9zd5nq1wd0po7d7k,Default,RMA_1780135668533,FALSE,TRUE,
prod_msar1vlsosmhn4y5blxx15dzaj,catprod-1780135702107-h_62zj,CatProd_1780135702107,,,draft,,,,,,,
prod_kxavayir66vpe3kwiy3xmir4nt,colprod-1780135702811-h_b1yh,ColProd_1780135702811,,,draft,,,,,,,
prod_mqkp94krb272x7h79yi5orswv2,rma-1780135716161-h_kp13,RMA_1780135716161,,,draft,,variant_qh4roc2ygx3e5pxzknakj3mjzp,Default,RMA_1780135716284,FALSE,TRUE,
prod_cdb8cq65wcgr55w9cdx9m725k8,rma-1780135725981-h_4v03,RMA_1780135725981,,,draft,,variant_192h3vt4gukgztkvgaa21uia2i,Default,RMA_1780135726109,FALSE,TRUE,
prod_9dt2t23ssanjtmmvsnm1jss2tw,rma-1780135731738-h_jj14,RMA_1780135731738,,,draft,,variant_giuyy1gbwx323479uqwr8txvpu,Default,RMA_1780135731862,FALSE,TRUE,
prod_tp029trarwalahyei5mocqab9o,import_test_1780135740087,导入测试产品,,描述,draft,,variant_ghghs65klopg1it0j2jo1xdkkq,默认,SKU_1780135740087,FALSE,TRUE,19.99
prod_kn7749ssuper07so4uqv3vm5mx,checkout-1780135804344-h_3num,Checkout_1780135804344,,,draft,,variant_99hz76ebde3joh5rtjjhe14v9i,Default,CHK_1780135804818,FALSE,TRUE,
prod_lqpvcwici1p3dgni6n2vkr3nxy,carttest-1780135808440-h_3y2f,CartTest_1780135808440,,,draft,,variant_3whdm8boswbvc3p7dcpx0xzqv4,Default,CART_1780135809347,FALSE,TRUE,
prod_i6rr0ra0ev47t3m5qhn77x0pwg,carttest-1780136063184-h_dvm4,CartTest_1780136063184,,,draft,,variant_r5xnhsytu39nvb3h9y1doyft4w,Default,CART_1780136063345,FALSE,TRUE,
prod_1skf11nvnkfu52a7h8dntjf1el,batch-1780135882219-h_liqy,Batch_1780135882219,,,draft,,,,,,,
prod_daa1dpbt85b0ny6fxk6auqmb0g,import_test_1780135907167,导入测试产品,,描述,draft,,variant_u7sbqk1ch9ybbm2358if2gaghp,默认,SKU_1780135907167,FALSE,TRUE,19.99
prod_qtuizolwh1a6ywwkvmyy6y53ui,checkout-1780135970969-h_918t,Checkout_1780135970969,,,draft,,variant_thu1y0xw9rrsy30lmfmdw8x9j5,Default,CHK_1780135973054,FALSE,TRUE,
prod_7u1ll1rah9a4spiuopwbcn7yr2,rma-1780136039600-h_znnh,RMA_1780136039600,,,draft,,variant_8gqtqpno4wc7hfr4ac1wd7mmu5,Default,RMA_1780136039731,FALSE,TRUE,
prod_n1inf32ag2lk8gn024838b8kbt,rma-1780136049398-h_vu44,RMA_1780136049398,,,draft,,variant_0dgl7wwv4cmkdsmvax383lx11a,Default,RMA_1780136049521,FALSE,TRUE,
prod_15g73bbsolenbelkfn2ti1vmht,import_test_1780136050928,导入测试产品,,描述,draft,,variant_jfwfu1j9xa98euz44toobjbiw9,默认,SKU_1780136050928,FALSE,TRUE,19.99
prod_j0nvl457etektct78jb3hneyzr,rma-1780136055144-h_mgbb,RMA_1780136055144,,,draft,,variant_npua3s19pd22dh5v162x41993n,Default,RMA_1780136055266,FALSE,TRUE,
prod_o2lde2nkof2xr9d9i8oug0lwus,batch-1780136069607-h_aik7,Batch_1780136069607,,,draft,,,,,,,
prod_f8r6p3egxvqwrgjgrx7dkjwypp,catprod-1780136106679-h_c6j5,CatProd_1780136106679,,,draft,,,,,,,
prod_l4jpg930rnzw1cvi1ozdzfaq79,colprod-1780136108165-h_bxsu,ColProd_1780136108165,,,draft,,,,,,,
prod_hb7n6n2ab1h5b1vwrkvf7luy24,checkout-1780136114719-h_dpvv,Checkout_1780136114719,,,draft,,variant_fo8nhnalmicopw2x8egtc3bcen,Default,CHK_1780136115190,FALSE,TRUE,
prod_gqa4ne7k8l6f1oait98u8p3mad,rma-1780136180680-h_vq9t,RMA_1780136180680,,,draft,,variant_v6robj8vg99uuze1wdg9ei4o6u,Default,RMA_1780136180804,FALSE,TRUE,
prod_tbcijc3hzdoef3brqt4yzcjbrd,rma-1780136166848-h_4rnr,RMA_1780136166848,,,draft,,variant_osctryfm4eigxh391v0y5ffxcs,Default,RMA_1780136166973,FALSE,TRUE,
prod_49qhr03x8hxyay0ktflgh9ubma,rma-1780136189239-h_2sxs,RMA_1780136189239,,,draft,,variant_gci58lswirqkg4i7he99ibt6s4,Default,RMA_1780136189360,FALSE,TRUE,
prod_wz3k6f5p0xm2hrp3rtn15mg9f8,carttest-1780136199422-h_1kms,CartTest_1780136199422,,,draft,,variant_zpojsek78ce3j5cbdlebmehny7,Default,CART_1780136199584,FALSE,TRUE,
prod_azu7qdypthm78ufgmjibcua7f8,batch-1780136204940-h_csj0,Batch_1780136204940,,,draft,,,,,,,
prod_12o3y1vtt4v9kjpr2aisogk06x,catprod-1780136240576-h_gp8b,CatProd_1780136240576,,,draft,,,,,,,
prod_4q60danbjl17x1zqkrthv67x6m,colprod-1780136242085-h_v5d3,ColProd_1780136242085,,,draft,,,,,,,
prod_dfazc96xumwcdtp8bhttlm49sb,carttest-1780294017071-h_k7yl,CartTest_1780294017071,,,draft,,variant_kadtua4paqh5qb61htbw2j9pc1,Default,CART_1780294017488,FALSE,TRUE,
prod_xzfcpkfqs8ab4cgwib3olq906u,rma-1780294234742-h_fkns,RMA_1780294234742,,,draft,,variant_gtpzlsvzt0j6v3rzuopf8c5qln,Default,RMA_1780294234902,FALSE,TRUE,
prod_k23xqb00w9un6bwoa9knyguksz,rma-1780294267533-h_4cpx,RMA_1780294267533,,,draft,,variant_yl9ddvad9486sf5nt7acg1qnch,Default,RMA_1780294267693,FALSE,TRUE,
prod_pw44euxupnj419grdpqatvsf5c,rma-1780136442254-h_4r7m,RMA_1780136442254,,,draft,,variant_pj3zu1gzvyrgmrmjqxpcmzb2xk,Default,RMA_1780136442376,FALSE,TRUE,
prod_4km5i0mfo9pz02r3ry539ce7bj,rma-1780136451820-h_jyxo,RMA_1780136451820,,,draft,,variant_yeb70tnn0kf8cyh8us96w15qww,Default,RMA_1780136452230,FALSE,TRUE,
prod_yuu5x4oags4t4rhpgj8qc3juz4,rma-1780136458204-h_gm1f,RMA_1780136458204,,,draft,,variant_uy5g5pj0gor65e8cw8wdy96yiu,Default,RMA_1780136458325,FALSE,TRUE,
prod_375013e2mekams9rvsmnah8riv,catprod-1780136504410-h_4hcu,CatProd_1780136504410,,,draft,,,,,,,
prod_1nxs8ru03uvae6gwj1e8nbu5ok,batch-1780294389965-h_xm6f,Batch_1780294389965,,,draft,,,,,,,
prod_mjoveec823owar394u2131hjdk,colprod-1780136506674-h_xmj9,ColProd_1780136506674,,,draft,,,,,,,
prod_ysebo24iwf8zmd5r7kscpydbtd,carttest-1780136519892-h_mwts,CartTest_1780136519892,,,draft,,variant_lhe6fmesr2uov0odhb2ppytlzu,Default,CART_1780136520308,FALSE,TRUE,
prod_zzik7aatcn36bdq2jabo0kndeu,import_test_1780136535593,导入测试产品,,描述,draft,,variant_rzza2c01aqu6dw1tr3f87lg0tx,默认,SKU_1780136535593,FALSE,TRUE,19.99
prod_7rlhlm1ld183nc60dvoxvbtzwy,rma-1780294452574-h_y4nk,RMA_1780294452574,,,draft,,variant_m4902s7cn0vtha25rlp8ummeqp,Default,RMA_1780294452745,FALSE,TRUE,
prod_jh2wy0viesvb08yhqgqz1ngw5l,batch-1780294617590-h_7q15,Batch_1780294617590,,,draft,,,,,,,
prod_2fnwbyxgpt58bmwu7rd091a7yo,carttest-1780294942352-h_2vyz,CartTest_1780294942352,,,draft,,variant_k801u3n4njw02fgxa9bkf32kq7,Default,CART_1780294942768,FALSE,TRUE,
prod_x9ui8acv6hl3rwh21n3otmewi2,import_test_1780294965634,导入测试产品,,描述,draft,,variant_0cxz03035jg7z9uu2fooyeem8p,默认,SKU_1780294965634,FALSE,TRUE,19.99
prod_qvyclt5afwsobs9gnuyx4kagaq,checkout-1780294975204-h_75k4,Checkout_1780294975204,,,draft,,variant_pd304ulvo2152bthwfft84dvm2,Default,CHK_1780294975589,FALSE,TRUE,
prod_nz0cixr091kcpozb77v2o4fs3b,catprod-1780294999685-h_72md,CatProd_1780294999685,,,draft,,,,,,,
prod_q8sgbfi0ywfwvs0c7awwv6gwpp,colprod-1780295001191-h_p6z7,ColProd_1780295001191,,,draft,,,,,,,
prod_8c8p2m1ltxx1k13vk5ochua9sl,batch-1780295004845-h_gwen,Batch_1780295004845,,,draft,,,,,,,
prod_tdo0c0e140rvxy2clct2djl9e0,carttest-1780295682779-h_4yom,CartTest_1780295682779,,,draft,,variant_lf4p8t32mmnoye70cqkk5gqofg,Default,CART_1780295684142,FALSE,TRUE,
prod_2oj1sz26q2msp46ykfjn3mojeo,rma-1780309360531-h_t3hb,RMA_1780309360531,,,draft,,variant_0nd5gdtbuief4en0ktzu6z43hj,Default,RMA_1780309360693,FALSE,TRUE,
prod_b5heaao6ecdtn12ttlx856tosp,catprod-1780309390790-h_wa2h,CatProd_1780309390790,,,draft,,,,,,,
prod_1ucblg0jczazxq4v0zapqf1csx,colprod-1780309391705-h_jxgw,ColProd_1780309391705,,,draft,,,,,,,
prod_5rjtuw3bvi3pn1y0iocspr477s,carttest-1780309404331-h_1t6h,CartTest_1780309404331,,,draft,,variant_nhystszxh4rl6wv5sjzwywl9jp,Default,CART_1780309404519,FALSE,TRUE,
prod_wbg3nhljp3pje1abhq3fhss9n6,rma-1780309470389-h_09vs,RMA_1780309470389,,,draft,,variant_t85ki736p9c8ghe9ks9fh9oh9p,Default,RMA_1780309470617,FALSE,TRUE,
prod_qxpt69vk20hnf3ltogatq1g6s9,catprod-1780309552900-h_0k11,CatProd_1780309552900,,,draft,,,,,,,
prod_71oh0lmt22ieaw5a1vbldgy6e2,colprod-1780309553973-h_s8js,ColProd_1780309553973,,,draft,,,,,,,
prod_xobwtoxra15e9oco37r1ujfzkg,rma-1780310559655-h_klp5,RMA_1780310559655,,,draft,,variant_rk7w6ynzjudu94dssjm3b0cfww,Default,RMA_1780310559824,FALSE,TRUE,
prod_isqxmlbltbfdq358nz1smws2wk,catprod-1780310586785-h_tfay,CatProd_1780310586785,,,draft,,,,,,,
prod_alvrfojqs8p89uisclg9ntzt61,colprod-1780310587723-h_yj85,ColProd_1780310587723,,,draft,,,,,,,
prod_8gsgan41jzr23k66osbirg7o7e,rma-1780310769421-h_i3ho,RMA_1780310769421,,,draft,,variant_6xcgj54hm22zf4wk6kg8ymao2o,Default,RMA_1780310769592,FALSE,TRUE,
prod_6eidjz0burub3vpfmg5raplwz4,rma-1780310761804-h_kg0j,RMA_1780310761804,,,draft,,variant_6upyqx9qr7cwbr1wv7qakk7z2q,Default,RMA_1780310761978,FALSE,TRUE,
prod_a0fmuzpi71tjhcdc5j3355nxy7,rma-1780310774572-h_fe56,RMA_1780310774572,,,draft,,variant_di5iilax1s2oievvx97l5uddui,Default,RMA_1780310774786,FALSE,TRUE,
prod_ig8tgwmg0u2ykxqu6t9pa3y1y2,carttest-1780310781968-h_2cg6,CartTest_1780310781968,,,draft,,variant_w6kqv006k44j43mhuaxdmhb8rn,Default,CART_1780310782208,FALSE,TRUE,
prod_9ljg4u3b17qrwkwp7ik9ophh4e,catprod-1780310818797-h_fiiv,CatProd_1780310818797,,,draft,,,,,,,
prod_9tfm0cto19cridml4h9ooizxj3,import_test_1780310829734,导入测试产品,,描述,draft,,variant_c7wbea595z153aepwts96vqu67,默认,SKU_1780310829734,FALSE,TRUE,19.99
prod_y4ql0p48w71vnciaxza6e5a917,checkout-1780136541038-h_lmlc,Checkout_1780136541038,,,draft,,variant_h53l9kxs472qvr7en2z75z20cp,Default,CHK_1780136541417,FALSE,TRUE,
prod_ilingfcfj3yz5a9q5har09lp3h,batch-1780136551607-h_go1b,Batch_1780136551607,,,draft,,,,,,,
prod_2lpv26nd4ch509stsfvptpm1o3,colprod-1780282489440-h_qfg0,ColProd_1780282489440,,,draft,,,,,,,
prod_ylhiqw4pev2sih1v1111q1hpl1,rma-1780281699937-h_tzjz,RMA_1780281699937,,,draft,,variant_mmpunsdet0xg7ilqysl49opg01,Default,RMA_1780281700057,FALSE,TRUE,
prod_c4r8g1meses4aa1ht4258mmtwq,rma-1780281710749-h_gupk,RMA_1780281710749,,,draft,,variant_mov6q5dna8hs0hdt7vjaw9t64k,Default,RMA_1780281710867,FALSE,TRUE,
prod_3fwdqpmmo82kkaihsxsp8azw0v,rma-1780281716971-h_dnij,RMA_1780281716971,,,draft,,variant_l7s7539lumc1iyyj7a9jl351lr,Default,RMA_1780281717108,FALSE,TRUE,
prod_grty8rl4ucugujfjto9a9dgvm6,catprod-1780281737320-h_dwa1,CatProd_1780281737320,,,draft,,,,,,,
prod_qy518pznvyyuj8h4h7n9blf3ul,colprod-1780281738801-h_hrib,ColProd_1780281738801,,,draft,,,,,,,
prod_z4bwxf9f4nsijq5x0rtmy0dewt,carttest-1780281743648-h_lbi2,CartTest_1780281743648,,,draft,,variant_1g2kes6n9zgk8sc9z3yugflop2,Default,CART_1780281744084,FALSE,TRUE,
prod_d1lz54zkqda7i2v6naia08l0iw,import_test_1780281770587,导入测试产品,,描述,draft,,variant_gisqggb93mij49t0gyrdsyb75u,默认,SKU_1780281770587,FALSE,TRUE,19.99
prod_bv7n150r6rmhjmnx18btz4ohog,checkout-1780281772535-h_jrsn,Checkout_1780281772535,,,draft,,variant_ztqgn31o0rm2dnwyrav34l1yke,Default,CHK_1780281772648,FALSE,TRUE,
prod_7xcnaeqc1esirj4nnk0g6dze27,batch-1780281776431-h_t9b1,Batch_1780281776431,,,draft,,,,,,,
prod_ziwv5mrvtaxv2pqdfm6h23c4hg,carttest-1780282496228-h_8lr1,CartTest_1780282496228,,,draft,,variant_3t9rnc3z28pgbwtrjfuiz4zg08,Default,CART_1780282496639,FALSE,TRUE,
prod_yffhh37sjb9bqgolqhf430g312,rma-1780282386769-h_xlvn,RMA_1780282386769,,,draft,,variant_opq6iupiylu1bze0ehlsycj2ks,Default,RMA_1780282386891,FALSE,TRUE,
prod_f7qe1y8lcewdz87h7aqmkkhe6l,rma-1780282455035-h_u6v6,RMA_1780282455035,,,draft,,variant_d01bnadv5n85xc2fwz1t5v7v3m,Default,RMA_1780282455160,FALSE,TRUE,
prod_8nlobcf8rtbvzpa5fzpqw14p3r,rma-1780282462150-h_9xch,RMA_1780282462150,,,draft,,variant_21mevugh1cua1qb8lcouop2pbw,Default,RMA_1780282462275,FALSE,TRUE,
prod_yb557zppencg6sl5c23zcndedl,catprod-1780282487215-h_a5kf,CatProd_1780282487215,,,draft,,,,,,,
prod_as4o7y4uxfz56mh2jzp6stny49,batch-1780282548086-h_vh1v,Batch_1780282548086,,,draft,,,,,,,
prod_nrbje9c5lyi9zewvg5j2cehix3,import_test_1780282555847,导入测试产品,,描述,draft,,variant_ff2hzrskpz3wupgwnnbhezrr8b,默认,SKU_1780282555847,FALSE,TRUE,19.99
prod_5d2aeufpacr9z32ip73xpcrzy5,checkout-1780282557667-h_0c3o,Checkout_1780282557667,,,draft,,variant_bd83z5ezi91ln61msh7mwrcy8u,Default,CHK_1780282557786,FALSE,TRUE,
prod_rsacs2hohmxbv86khfq84uimit,rma-1780282686459-h_u91r,RMA_1780282686459,,,draft,,variant_qadrq19yfl8u5mxg7k1nhqf2tf,Default,RMA_1780282686579,FALSE,TRUE,
prod_zmhvqg5szlw702m674tfy0vrw7,rma-1780282695841-h_rfym,RMA_1780282695841,,,draft,,variant_g158mjmxl8dxn9c6e0gktd3xqv,Default,RMA_1780282695976,FALSE,TRUE,
prod_kigcko1vdv78owe4y26gbgc90j,rma-1780282701555-h_ag8d,RMA_1780282701555,,,draft,,variant_xnyg7ih6v0d9d8m0x9dlcbebtg,Default,RMA_1780282701671,FALSE,TRUE,
prod_i2twodk2stu4zqlo2ukhhocsp9,carttest-1780282708704-h_nlrx,CartTest_1780282708704,,,draft,,variant_uwywavirgle8tasjqyxoko4prr,Default,CART_1780282708860,FALSE,TRUE,
prod_fyjwoipbipy0hw5d3k72susid6,catprod-1780282756223-h_c3kj,CatProd_1780282756223,,,draft,,,,,,,
prod_nb1klrqvzpqfb9alml3cn8oz2n,colprod-1780282757694-h_mper,ColProd_1780282757694,,,draft,,,,,,,
prod_njsh6p9bp070w1f3ngo040qaua,batch-1780282783961-h_1l3s,Batch_1780282783961,,,draft,,,,,,,
prod_1he66rc0j887p8nje76t3cccv9,import_test_1780282809873,导入测试产品,,描述,draft,,variant_ifbxdwiw2ozcg70tn4uh8cq4x6,默认,SKU_1780282809873,FALSE,TRUE,19.99
prod_xxigunte50j3cwc65k88yowvvh,checkout-1780282815204-h_xw93,Checkout_1780282815204,,,draft,,variant_u0gab18ovuxndfnjpv4fvn850k,Default,CHK_1780282815573,FALSE,TRUE,
prod_0n904javukcm0cp15csrb2p26z,import_test_1780294411738,导入测试产品,,描述,draft,,variant_398d2sstumxdh1wp3jnhqbn760,默认,SKU_1780294411738,FALSE,TRUE,19.99
prod_mbo0y9ssswgs5n2e92z7w0fepw,checkout-1780294419679-h_dyfv,Checkout_1780294419679,,,draft,,variant_13lfqd31oqbricydakcv47d7xv,Default,CHK_1780294420075,FALSE,TRUE,
prod_iwirrvbwwuwo3k8cmlxk9pu5cn,rma-1780294467053-h_busu,RMA_1780294467053,,,draft,,variant_u4bsehys34kdzlydhmvms0cxxf,Default,RMA_1780294467215,FALSE,TRUE,
prod_teuaad2uiii765uzn0yt8qnm6k,rma-1780294482610-h_9gb7,RMA_1780294482610,,,draft,,variant_5tltcn8mzhv2es6tj9z67gd0l8,Default,RMA_1780294482771,FALSE,TRUE,
prod_j44413c4khdv8nlt1ct2d6uj76,carttest-1780294491838-h_away,CartTest_1780294491838,,,draft,,variant_06q038p1jzf4odyau1wrxlz91o,Default,CART_1780294492037,FALSE,TRUE,
prod_wk3xm6piknxtr1r912ng9mof60,import_test_1780294585492,导入测试产品,,描述,draft,,variant_efjwfj3oscj8fi498nu5v12lcr,默认,SKU_1780294585492,FALSE,TRUE,19.99
prod_kdg1umakrkb81kaxt9pp72gg0n,checkout-1780294588110-h_8lhr,Checkout_1780294588110,,,draft,,variant_rh4mmywhb8pd7ivvm7cefb8nde,Default,CHK_1780294588282,FALSE,TRUE,
prod_atqbzre0blzzvuu98ti39q23kd,rma-1780294650019-h_cf59,RMA_1780294650019,,,draft,,variant_edbz90lqytdii4f9f8zu8ixt0n,Default,RMA_1780294650430,FALSE,TRUE,
prod_3teyrknpm1sklgoj0fribqc08g,carttest-1780294695572-h_h5ie,CartTest_1780294695572,,,draft,,variant_93ntobeydnr21qeou09fhgktp0,Default,CART_1780294696006,FALSE,TRUE,
prod_drstio51hp6bmrl0biz2jdmqmi,rma-1780294861596-h_6qnp,RMA_1780294861596,,,draft,,variant_tcu9osyhd5qtzqcw2wsb8k0ez2,Default,RMA_1780294861716,FALSE,TRUE,
prod_v7rhc8e14et8h5miz4zxonlyyv,rma-1780294871988-h_th3a,RMA_1780294871988,,,draft,,variant_jbjmgxp3ip6asmpieoc4bla6jx,Default,RMA_1780294872104,FALSE,TRUE,
prod_jr4fswobkn7n0154rbesb7bhte,rma-1780294877622-h_5xra,RMA_1780294877622,,,draft,,variant_n7w3nrxv49kzx0n7wd0hccj85g,Default,RMA_1780294877737,FALSE,TRUE,
prod_kw35fgdr92pysyu7rl3shexyzr,rma-1780309457986-h_i5ph,RMA_1780309457986,,,draft,,variant_tfyrbjoz1261oripqe0c6uzzfm,Default,RMA_1780309458145,FALSE,TRUE,
prod_58p6g399od9y4x0y6ol59oo0bk,rma-1780309368391-h_d56u,RMA_1780309368391,,,draft,,variant_c65ufldhxo4u4t7mi50xvlam0d,Default,RMA_1780309368555,FALSE,TRUE,
prod_u09esgo44gg7l19icgz6agzuzj,import_test_1780309378742,导入测试产品,,描述,draft,,variant_w1qp3xqh9b0niz0k51idmmpz6j,默认,SKU_1780309378742,FALSE,TRUE,19.99
prod_zgvuoxmmqu1mhde2k2f3ily2ml,checkout-1780309381069-h_o2ef,Checkout_1780309381069,,,draft,,variant_ll53113kr544may8afd24yv2yr,Default,CHK_1780309381228,FALSE,TRUE,
prod_p2fnl8migslb6c5om96b1z3tth,import_test_1780309564285,导入测试产品,,描述,draft,,variant_i4uz2tccrv3syvuhc2se7z93f8,默认,SKU_1780309564285,FALSE,TRUE,19.99
prod_rs12fvvs0swvzpmlryg59e41h2,checkout-1780309566765-h_w7sr,Checkout_1780309566765,,,draft,,variant_57nt8rvyz7tz9bt55zqq2ch9zv,Default,CHK_1780309566936,FALSE,TRUE,
prod_hfjdpmm6y7eu8gcao41lbs1mw9,batch-1780309575591-h_6v8g,Batch_1780309575591,,,draft,,,,,,,
prod_pq1geh6z3vld6razrottzhtz5k,carttest-1780310526338-h_lb3z,CartTest_1780310526338,,,draft,,variant_g3yf58t4i0x04vkf4bkorygv3l,Default,CART_1780310526547,FALSE,TRUE,
prod_t6trwwrjvgywjcnggoemsg4jew,rma-1780310551473-h_46nx,RMA_1780310551473,,,draft,,variant_x5wzmxb6bvgwuqzs3y0hn0s3wl,Default,RMA_1780310551644,FALSE,TRUE,
prod_jwi7bb8ryoxyq0cx4unu5d0853,colprod-1780310819781-h_7niv,ColProd_1780310819781,,,draft,,,,,,,
prod_lfiw7qk3kh5ouj3c4aixkq4e49,batch-1780310840612-h_0xns,Batch_1780310840612,,,draft,,,,,,,
prod_1nuu3rek1vxdxlwcrk5dyopfgb,rma-1780310888968-h_mz3z,RMA_1780310888968,,,draft,,variant_fz1qh8vl6hbcod1ndxbljkqk3f,Default,RMA_1780310889132,FALSE,TRUE,
prod_hj885i1vs8aoewc2noat1gpa2f,rma-1780310896475-h_4tg9,RMA_1780310896475,,,draft,,variant_pg5utadk5su7a0jhqsupae5z70,Default,RMA_1780310896637,FALSE,TRUE,
prod_7qe8jh8t1bzs4f3j6dpu9f1gi6,carttest-1780310930930-h_mh6s,CartTest_1780310930930,,,draft,,variant_h8p4ff6467xz9k2kjqrhwuepsf,Default,CART_1780310931121,FALSE,TRUE,
prod_aryuz52jo8bt91ned3jip3vb0c,batch-1780310990782-h_hlye,Batch_1780310990782,,,draft,,,,,,,
prod_uwn8kr5j6uosm0wbsjwlmu79yz,rma-1780311132028-h_v6ts,RMA_1780311132028,,,draft,,variant_pokoy5pi3mfg8fgrfwe1gm1syn,Default,RMA_1780311132186,FALSE,TRUE,
prod_akn6nt9ycprcsmm4gom79fjsvc,rma-1780311139364-h_yii5,RMA_1780311139364,,,draft,,variant_hr735z24n3v7y9v5ruvukkq71d,Default,RMA_1780311139522,FALSE,TRUE,
prod_8gswoeu2txzupcak93myy1obux,carttest-1780311149524-h_v5qz,CartTest_1780311149524,,,draft,,variant_y4ck1zogthryctab230khkz5i0,Default,CART_1780311149714,FALSE,TRUE,
prod_2xlb4j2jmxlm9zzyqieh4w19hj,checkout-1780310832170-h_tybe,Checkout_1780310832170,,,draft,,variant_rha3v3jgoclkfacubvc9e67f4x,Default,CHK_1780310832339,FALSE,TRUE,
prod_8sobi0un7xcc64eez9jkta0yk9,rma-1780310900837-h_wmfc,RMA_1780310900837,,,draft,,variant_meagn8eexebhg79q74jat8cw1h,Default,RMA_1780310900987,FALSE,TRUE,
prod_wl77vlfv27r8prlxy421db5atn,rma-1780311143795-h_cs6c,RMA_1780311143795,,,draft,,variant_fq3mzpbbp8dts0khjpgbr7skyd,Default,RMA_1780311143947,FALSE,TRUE,
prod_phr6uxushbvn96dbg75mbg9n1x,catprod-1780310964819-h_rbnj,CatProd_1780310964819,,,draft,,,,,,,
prod_lsnfa6yxaqyc3y5b1fss5ukqpa,colprod-1780310965773-h_5atd,ColProd_1780310965773,,,draft,,,,,,,
prod_4o0bfe967sly9fcfl23j87vkgf,import_test_1780310976967,导入测试产品,,描述,draft,,variant_91a9z2ajn6tjgjafmw3i9o8ssz,默认,SKU_1780310976967,FALSE,TRUE,19.99
prod_2wmdmh8rexhd37u7kl8aaumyz6,checkout-1780310979832-h_b2u2,Checkout_1780310979832,,,draft,,variant_sgu8mebfwogx08ch64500ah3jf,Default,CHK_1780310979998,FALSE,TRUE,
prod_aew1bmdz5fr0reasxen32yb6tx,catprod-1780311178438-h_j8zk,CatProd_1780311178438,,,draft,,,,,,,
prod_n6hu6r10apzqir2t7z4ztpbd07,colprod-1780311179682-h_rk6f,ColProd_1780311179682,,,draft,,,,,,,
prod_1gabidhvm29cl8v0efcaaude1i,import_test_1780311201682,导入测试产品,,描述,draft,,variant_zee4os7yw7xv5suoma84us8j8k,默认,SKU_1780311201683,FALSE,TRUE,19.99
prod_lo04ot86wid3hb7rvml0uld5xw,checkout-1780311204176-h_ezxx,Checkout_1780311204176,,,draft,,variant_epzafzoigj5oej53k4cdrtfm8x,Default,CHK_1780311204346,FALSE,TRUE,
prod_70nv4ci1tsefjlbazmu0vkis32,batch-1780311212484-h_qerz,Batch_1780311212484,,,draft,,,,,,,
prod_5xa4l4mude5u2v3amlapgguo16,carttest-1780311324820-h_tzht,CartTest_1780311324820,,,draft,,variant_mskdqhb4hdcjv57s8amg5qzvo0,Default,CART_1780311325023,FALSE,TRUE,
prod_gcpodl0qg4dyxyd3tuzicnu4c3,rma-1780311346804-h_pddf,RMA_1780311346804,,,draft,,variant_p4czypqlnsiu6bmk6iqsric8ls,Default,RMA_1780311346976,FALSE,TRUE,
prod_1yrh746y6wqiiojt51625ewi83,rma-1780311354648-h_tnjt,RMA_1780311354648,,,draft,,variant_qszvp2n9edsp2rh3nzna4f30q2,Default,RMA_1780311354817,FALSE,TRUE,
prod_732naq6l1zdh60s0ofyvro9jiv,rma-1780311359176-h_927d,RMA_1780311359176,,,draft,,variant_216ezx5c5u551yzeqhzf2ilh6h,Default,RMA_1780311359334,FALSE,TRUE,
prod_0w2gnxbrcpu06cca9tsv1k2o2h,catprod-1780311371537-h_5d7u,CatProd_1780311371537,,,draft,,,,,,,
prod_hpl9govhwelgttsgbbm4iieyjo,colprod-1780311372491-h_dnv8,ColProd_1780311372491,,,draft,,,,,,,
prod_fe7jd0tqryuv1z7trpnid6lsbq,import_test_1780311392470,导入测试产品,,描述,draft,,variant_u6bp31ml47mcpwk5u2eklbgkoj,默认,SKU_1780311392470,FALSE,TRUE,19.99
prod_xuvd8bqkl9s80rxxb6nn3cstwj,checkout-1780311395081-h_89pg,Checkout_1780311395081,,,draft,,variant_uw36biqvuc43kwgsxghbnr90ik,Default,CHK_1780311395260,FALSE,TRUE,
prod_d6fpxy3q71i7u1atv7p42gjwyt,batch-1780311403412-h_jykb,Batch_1780311403412,,,draft,,,,,,,
prod_yhm9mlwh7ic54eu45v50n4er56,rma-1780386330534-h_tdr4,RMA_1780386330534,,,draft,,variant_uq9d6az8vmkjy2tccub2v72wru,Default,RMA_1780386330654,FALSE,TRUE,
prod_5wgq5x3zm5um1i8fyalzhqfiqb,rma-1780386351386-h_ff17,RMA_1780386351386,,,draft,,variant_1wrwm1hi0afxnwjff52mxpr0kt,Default,RMA_1780386351516,FALSE,TRUE,
prod_s9eyic835wd0inl3vu4u1jw6r8,rma-1780386364046-h_y4zi,RMA_1780386364046,,,draft,,variant_mda96u3rmz1e9r5cjo0g2cgrdy,Default,RMA_1780386364164,FALSE,TRUE,
prod_hglr1q3l2igx8j7mcpfqob3c95,carttest-1780386379545-h_24jh,CartTest_1780386379545,,,draft,,variant_2ubyveyiwruh8ndr5s6ejhcp3k,Default,CART_1780386379743,FALSE,TRUE,
prod_pcgs87157614mv6hox81wa1vd6,catprod-1780386447054-h_q6t9,CatProd_1780386447054,,,draft,,,,,,,
prod_75mvxd3m1mtfjpzsd85llx2q05,colprod-1780386451196-h_wdd8,ColProd_1780386451196,,,draft,,,,,,,
prod_mtdx9gx2sabe4zorvdhaxc15uw,import_test_1780386504615,导入测试产品,,描述,draft,,variant_pxtt8xkzwvq2pwdc6xbtxw8v9p,默认,SKU_1780386504615,FALSE,TRUE,19.99
prod_ieqpr46kizpnt7m0cjwkct062c,checkout-1780386516616-h_pm6k,Checkout_1780386516616,,,draft,,variant_b2mq89gfjtftxk81mohn9fw7ct,Default,CHK_1780386517033,FALSE,TRUE,
prod_7dvkr6ffrgirgidpb9v7fzg31x,batch-1780386532672-h_20ix,Batch_1780386532672,,,draft,,,,,,,
prod_3f0dwvm6ub27r3pppv5chom4dk,carttest-1780386587345-h_ppb4,CartTest_1780386587345,,,draft,,variant_fqbxzxa6y67hia548m1s0xayh9,Default,CART_1780386587548,FALSE,TRUE,
prod_2bljexlf58qxeljzdwv19dye04,rma-1780386621257-h_1ti5,RMA_1780386621257,,,draft,,variant_u6xm3t3w7c3o1r8dgtdlsdsq4w,Default,RMA_1780386622107,FALSE,TRUE,
prod_my7l155f4e0ahmm1wd67isoso8,rma-1780386634070-h_sg49,RMA_1780386634070,,,draft,,variant_7itp44a2w6r0k78shbtztat58u,Default,RMA_1780386634483,FALSE,TRUE,
prod_j1tslx6molthcqrcnesmsyv9rf,rma-1780386642030-h_3231,RMA_1780386642030,,,draft,,variant_ygqkdiygcayjqsufhvufk0pzlk,Default,RMA_1780386642148,FALSE,TRUE,
prod_8s53s7cif2lrnuy52gpv8cwjnv,carttest-1780386809134-h_6pit,CartTest_1780386809134,,,draft,,variant_numyg1sjyz001hkjj9hw29at3k,Default,CART_1780386810037,FALSE,TRUE,
prod_rrh335pylqrqq9pi9vku10skqg,rma-1780386892975-h_zn3p,RMA_1780386892975,,,draft,,variant_wnjuw346o9ygk01trvgffleg0y,Default,RMA_1780386893141,FALSE,TRUE,
prod_cvbsheplwp1rvyvpwg6y4h38v9,rma-1780386906929-h_ehdp,RMA_1780386906929,,,draft,,variant_dxtehuww3kqdwgdg0ef1fhylmm,Default,RMA_1780386907094,FALSE,TRUE,
prod_hgm5x3creja7d8e2m7qpnxtvm6,rma-1780387112551-h_rnsa,RMA_1780387112551,,,draft,,variant_iyx1ewz779sghigop02s8twbhf,Default,RMA_1780387112709,FALSE,TRUE,
prod_2e68t73t0suv3rtl7g9th0p6m6,rma-1780387125821-h_cf8q,RMA_1780387125821,,,draft,,variant_81z4mqglol5kf8gubjmf1v7ufr,Default,RMA_1780387125978,FALSE,TRUE,
prod_nsj9jb04bgf24mewamip95cvtr,catprod-1780386732553-h_td0s,CatProd_1780386732553,,,draft,,,,,,,
prod_69jwyhe1tt26ar5isab8vhw6d3,colprod-1780386733552-h_g1gu,ColProd_1780386733552,,,draft,,,,,,,
prod_yx5m0zkk81vrqilyjlls0md4uo,import_test_1780386764252,导入测试产品,,描述,draft,,variant_egp3sppmqtdj1lv6rhn7eom3sm,默认,SKU_1780386764252,FALSE,TRUE,19.99
prod_frq1wam7ixmy5d892jfsrk5lb2,checkout-1780386794335-h_2gsc,Checkout_1780386794335,,,draft,,variant_pti8cvse7q3kvkceel7et3mldj,Default,CHK_1780386794751,FALSE,TRUE,
prod_6xq84knzldhqbujqm97yv9ohim,batch-1780386826208-h_9148,Batch_1780386826208,,,draft,,,,,,,
prod_au1x5bgeka8ls7jqhjadjhtmcf,rma-1780386919175-h_6ang,RMA_1780386919175,,,draft,,variant_zg1j3i6e25oifeqa2fl6i12u9f,Default,RMA_1780386919340,FALSE,TRUE,
prod_l8u1g00knwos4sabt5fumf7956,carttest-1780386928023-h_gdgd,CartTest_1780386928023,,,draft,,variant_44xo8vse1h9q7dor99fvlgwz5a,Default,CART_1780386928500,FALSE,TRUE,
prod_s350yn89c382xcgyl53wfgnp8b,catprod-1780386981967-h_utz6,CatProd_1780386981967,,,draft,,,,,,,
prod_68vmkcpczfam2scrz68q11m2pf,colprod-1780386984336-h_9j6c,ColProd_1780386984336,,,draft,,,,,,,
prod_yue0xnulana01lpfyurbljnppi,import_test_1780387008669,导入测试产品,,描述,draft,,variant_ha2rziam02opd2io78m3yimbc7,默认,SKU_1780387008669,FALSE,TRUE,19.99
prod_iyh0xbyfa6o2iji0ysnzum0wpr,checkout-1780387011327-h_upnr,Checkout_1780387011327,,,draft,,variant_jiz1en09qkg680nuhs0zgs5rvn,Default,CHK_1780387011498,FALSE,TRUE,
prod_n7z957lg8ngign2pbp82g6kq0n,import_test_1780387047253,导入测试产品,,描述,draft,,variant_5c0kpnonscwwh5pvk4hl634uuz,默认,SKU_1780387047253,FALSE,TRUE,19.99
prod_1bpgis4rmyiqvbb8f7b5r54bv9,batch-1780387042158-h_cexs,Batch_1780387042158,,,draft,,,,,,,
prod_0nph9erqo9b959v4vejthpbbdc,checkout-1780387067151-h_lr47,Checkout_1780387067151,,,draft,,variant_y92kfxwxdhxxcns49sqc53m00c,Default,CHK_1780387067562,FALSE,TRUE,
prod_f1kgzqa9jab0xy9gomzwv2n7wc,rma-1780387090453-h_ht4e,RMA_1780387090453,,,draft,,variant_0235zmwyjbttku91kv8zpzbxq2,Default,RMA_1780387090870,FALSE,TRUE,
prod_ezm7sranelvpft09uafwx7ct80,catprod-1780387212520-h_yikn,CatProd_1780387212520,,,draft,,,,,,,
prod_fc3fzm0c2debxp3vhrol3o3bug,colprod-1780387215737-h_ulev,ColProd_1780387215737,,,draft,,,,,,,
prod_m038fsepeiyrcs9q063e154vqq,carttest-1780387246471-h_plew,CartTest_1780387246471,,,draft,,variant_85gxkw9c8rc57dx32f6wgj9wpl,Default,CART_1780387246674,FALSE,TRUE,
prod_vnxly0roegxtxhp6ir5ss31n3h,batch-1780387227111-h_50yn,Batch_1780387227111,,,draft,,,,,,,
prod_5kblo7o4s0h6sm224b7i6e9aqs,rma-1780387350945-h_cz5s,RMA_1780387350945,,,draft,,variant_wnai9bjdjli1mzxj7fuok9n242,Default,RMA_1780387351106,FALSE,TRUE,
prod_lqo6fa93cikshjgr3q79k6e45b,rma-1780387364719-h_2tbm,RMA_1780387364719,,,draft,,variant_b8n20hppi9sjsh93nghswpa1ko,Default,RMA_1780387364882,FALSE,TRUE,
prod_bev38vhe2aqdlk4qt9toxp80gg,rma-1780387372309-h_ikvz,RMA_1780387372309,,,draft,,variant_ztmi7m2hpixm9j2ggkl2edj38m,Default,RMA_1780387372471,FALSE,TRUE,
prod_vbq1o5nhxcm69u774qrqkwaypd,batch-1780387381866-h_jhnc,Batch_1780387381866,,,draft,,,,,,,
prod_xiqfxhaoljeyo6aliytwqqvveq,catprod-1780387421857-h_ry51,CatProd_1780387421857,,,draft,,,,,,,
prod_ehna3jr2n2meujm9y2f8en9hp8,colprod-1780387422698-h_pmki,ColProd_1780387422698,,,draft,,,,,,,
prod_y5a32ss8o3drpkjqxm9wdbcvak,import_test_1780387425405,导入测试产品,,描述,draft,,variant_he3xgcc2rjrkil74uuuv5xbe88,默认,SKU_1780387425405,FALSE,TRUE,19.99
prod_o5cezh6lnqg3q7fdskiuhddr6i,checkout-1780387427954-h_1oi4,Checkout_1780387427954,,,draft,,variant_9cshq25d5d8qg9spy7nug8ouim,Default,CHK_1780387428125,FALSE,TRUE,
prod_jwbtola0ewwd28twtwjvanqn1y,batch-1780388039520-h_fr3r,Batch_1780388039520,,,draft,,,,,,,
prod_x96ercue8v3x3dx6l25ji4i4xu,catprod-1780388144702-h_345z,CatProd_1780388144702,,,draft,,,,,,,
prod_f5rkmepfg56p5bvl37a755sotb,colprod-1780388147565-h_67mt,ColProd_1780388147565,,,draft,,,,,,,
prod_usgqiskvexzklo1wszzs5rvhkk,import_test_1780388159308,导入测试产品,,描述,draft,,variant_cbm79rzp044euupif48dqe9y1h,默认,SKU_1780388159308,FALSE,TRUE,19.99
prod_89c3r30gxlis7qdlvmaddhs8dg,checkout-1780388182044-h_iaws,Checkout_1780388182044,,,draft,,variant_idpzi87b2lpa1bfulcowoyq4bz,Default,CHK_1780388182454,FALSE,TRUE,
prod_6j84wj2o875oy17t430i81lu59,rma-1780388272748-h_16p7,RMA_1780388272748,,,draft,,variant_8jhfi4e49gjk5ixbhloblw6nmu,Default,RMA_1780388272911,FALSE,TRUE,
prod_b5rio2dfod252002b6d5rebb49,rma-1780388259310-h_r9ry,RMA_1780388259310,,,draft,,variant_duuwd89djnqg94yw68vqmgra2i,Default,RMA_1780388259477,FALSE,TRUE,
prod_d6bujkpxidodi89qaepgfk31f0,rma-1780388280886-h_01ui,RMA_1780388280886,,,draft,,variant_dtez159755sykt1ovkilts8nvt,Default,RMA_1780388281048,FALSE,TRUE,
prod_wr25pymd8e0avz9qoxu9wp3g9y,carttest-1780388378579-h_91px,CartTest_1780388378579,,,draft,,variant_21h9vlt5rmpsnrfza2eop86cvi,Default,CART_1780388378738,FALSE,TRUE,
prod_yi5ydmt86tw6v0nhppp31el1u2,carttest-1780388561418-h_9jkx,CartTest_1780388561418,,,draft,,variant_bx9to9r2gctn00lskp4b8u1veo,Default,CART_1780388561876,FALSE,TRUE,
prod_jraueggp03kvzyfshwpe09l4x3,rma-1780388688269-h_lk0m,RMA_1780388688269,,,draft,,variant_6vgitdp31wkw93nra1y43x106m,Default,RMA_1780388688393,FALSE,TRUE,
prod_g3t82pzv94cirblcs59rt1wiyc,rma-1780388701608-h_jzll,RMA_1780388701608,,,draft,,variant_xs16m2bpcub0zrk0c4tosfk80m,Default,RMA_1780388701729,FALSE,TRUE,
prod_h5ikharruz7jkxsiecaht6mu0o,rma-1780388708961-h_77cr,RMA_1780388708961,,,draft,,variant_0b522z62yj8p1urr4qpajoy0tn,Default,RMA_1780388709084,FALSE,TRUE,
prod_ikyrsp9ltkaiyk1h4apbjtzo2r,catprod-1780388746015-h_trgw,CatProd_1780388746015,,,draft,,,,,,,
prod_9wdvjwxs86t165ngeyxffjv4rk,colprod-1780388747562-h_lbai,ColProd_1780388747562,,,draft,,,,,,,
prod_q2xfjkqvigvkv1ks5julo0vwu6,import_test_1780388752558,导入测试产品,,描述,draft,,variant_1vf97qwgjt77ezkxdqh8x4xbuf,默认,SKU_1780388752558,FALSE,TRUE,19.99
prod_h5dkt9j9azn8lzraymhb85lj8j,checkout-1780388765203-h_rgz5,Checkout_1780388765203,,,draft,,variant_ww6t48cdmyloseu03dwbdz9deq,Default,CHK_1780388765613,FALSE,TRUE,
prod_fps6h0nodbjjo27hemmh4h9fv7,batch-1780388800658-h_lih0,Batch_1780388800658,,,draft,,,,,,,
prod_1yp5dh7pyn6u4k6yriku2wro0j,carttest-1780388846450-h_okvy,CartTest_1780388846450,,,draft,,variant_x3mpicicsi2jab8zln72rg5r5i,Default,CART_1780388846637,FALSE,TRUE,
prod_2h9zw0l7alpdn30glcmfc6rwyj,carttest-1780388939287-h_9d6r,CartTest_1780388939287,,,draft,,variant_r93lrsypmphcuxecemhvrf4p39,Default,CART_1780388939730,FALSE,TRUE,
prod_ghsf71chqywv125o71l7o3pbzd,rma-1780389754340-h_2hmo,RMA_1780389754340,,,draft,,variant_pufdg2mwb8c8uyjucao74mtdfd,Default,RMA_1780389754510,FALSE,TRUE,
prod_8im8xg68ffwjzese0lrc18e1g9,carttest-1780389401984-h_kj3v,CartTest_1780389401984,,,draft,,variant_2dd1de13nhznmxj5rq7q97k1rq,Default,CART_1780389402197,FALSE,TRUE,
prod_oxdswd84s3gvmkmx7ogyn32mxq,rma-1780389433414-h_3tnf,RMA_1780389433414,,,draft,,variant_rzj1vnqj4upff5zwkfdjv11wgd,Default,RMA_1780389433584,FALSE,TRUE,
prod_cydftzn0kxc7b3cg183m5xwrnm,rma-1780389448557-h_kj9y,RMA_1780389448557,,,draft,,variant_r6lgggs0tbfucu87s1ym0p7waf,Default,RMA_1780389448723,FALSE,TRUE,
prod_2p5yvz2p79d2vxakvvdsxlvu99,rma-1780389457686-h_bd6m,RMA_1780389457686,,,draft,,variant_ofyy88kdjw64xyg05p39bmeto0,Default,RMA_1780389457852,FALSE,TRUE,
prod_0fcmufpi3ngwwmexqvdqn3np5n,catprod-1780389474925-h_29gn,CatProd_1780389474925,,,draft,,,,,,,
prod_qajq16zav6b6pmldm05c325je9,colprod-1780389475919-h_914i,ColProd_1780389475919,,,draft,,,,,,,
prod_h4wvxv1v2rseuhiu9i9xudt2ry,import_test_1780389480742,导入测试产品,,描述,draft,,variant_hal10wcj2ruiov9n54pcbjq9r2,默认,SKU_1780389480742,FALSE,TRUE,19.99
prod_crt9ac07w4kih3j4idkw4s5kpl,checkout-1780389500870-h_tlrq,Checkout_1780389500870,,,draft,,variant_h2r8fpt48w15l6x9y2dvpbno7o,Default,CHK_1780389501290,FALSE,TRUE,
prod_hnm34wrgm3clpt5chcrc23a0tg,batch-1780389567279-h_8lzu,Batch_1780389567279,,,draft,,,,,,,
prod_b3x1swkt4ff7v5z6y73a4jfyds,import_test_1780389767775,导入测试产品,,描述,draft,,variant_rmfy8hv20dfi2ed7wkwsuj7ztm,默认,SKU_1780389767775,FALSE,TRUE,19.99
prod_64bdcwdfhtjzdm7mumi72b5bwq,rma-1780389724944-h_hct0,RMA_1780389724944,,,draft,,variant_9jfl11eg6medramfo51c2swy01,Default,RMA_1780389725118,FALSE,TRUE,
prod_8jy2y0xle3spsei7zfupunwj5i,rma-1780389742123-h_4szo,RMA_1780389742123,,,draft,,variant_ogj9mdto5tbfy7hzqwb2o36mwz,Default,RMA_1780389742543,FALSE,TRUE,
prod_ce5kosyse7o1zh976u9nzaifp3,checkout-1780389770160-h_xh54,Checkout_1780389770160,,,draft,,variant_fevq5uhhrsi9me69qqxwhn220q,Default,CHK_1780389770315,FALSE,TRUE,
prod_cf4zn2amb4pbw906qfvt7ftlbj,carttest-1780389853882-h_7rod,CartTest_1780389853882,,,draft,,variant_bgpzyiioudrdtt393y9dsdxq5f,Default,CART_1780389854087,FALSE,TRUE,
prod_78k7qjppghnld68jat0mgr7kjc,catprod-1780389891766-h_dow6,CatProd_1780389891766,,,draft,,,,,,,
prod_2mfxjcpvrt3y2qcflb3l3glffw,colprod-1780389893896-h_16gl,ColProd_1780389893896,,,draft,,,,,,,
prod_79rxinut122mb232eg5ayexe43,batch-1780389920015-h_qkzz,Batch_1780389920015,,,draft,,,,,,,
prod_no8jr3pzsy104lxfkgp7neeml6,1780390650466-h_xulr,选项测试_1780390650466,,,draft,,,,,,,
prod_nchhvv9jbfv25lf57bz422j4se,rma-1780390710400-h_obyv,RMA_1780390710400,,,draft,,variant_wriuuwdgz6qdx8v7020yo1ycbf,Default,RMA_1780390711099,FALSE,TRUE,
prod_63hxu3cy233sffxw7n85zkmmhh,rma-1780390746401-h_mwa1,RMA_1780390746401,,,draft,,variant_zcqy6du3jc4soboixgzy6pwncq,Default,RMA_1780390747136,FALSE,TRUE,
prod_z2rtmgr1sdz7nd63hezrwias0o,rma-1780390767928-h_06qr,RMA_1780390767928,,,draft,,variant_e3sd0m6x40r46ki9vunwkebduc,Default,RMA_1780390768561,FALSE,TRUE,
prod_hradhs2nh4obl27v8hu01i6fd5,1780390768428-h_2i04,选项测试_1780390768428,,,draft,,,,,,,
prod_8k7id6u0rka4324uz18ewvj795,rma-1780390826801-h_r57s,RMA_1780390826801,,,draft,,variant_ywy2crf56mmmcdnp0t9qnuluhv,Default,RMA_1780390827476,FALSE,TRUE,
prod_o7ynli42cctrzdac5hzcjfevi5,rma-1780390883446-h_ijqf,RMA_1780390883446,,,draft,,variant_d0c5qfd06aunobsu3ap2bfcvqv,Default,RMA_1780390884086,FALSE,TRUE,
prod_unp2xhojgjh7o9yo6x31wduw7r,rma-1780390863500-h_8scu,RMA_1780390863500,,,draft,,variant_gj8kamuif4bwyvesijxs4eypjt,Default,RMA_1780390864164,FALSE,TRUE,
prod_g23nkyv0it4mqcjan7xrtenvpo,carttest-1780390925889-h_72ci,CartTest_1780390925889,,,draft,,variant_5y53ukzeyx936yskpjzfor1viv,Default,CART_1780390926610,FALSE,TRUE,
prod_kjhy3g1gv8mufh3g594dtdupgm,catprod-1780391030739-h_01fy,CatProd_1780391030739,,,draft,,,,,,,
prod_tpd98p62kfdh4lfm8pch40cmr4,colprod-1780391034514-h_q650,ColProd_1780391034514,,,draft,,,,,,,
prod_2twc9wi987qjezj7fso56a7npj,carttest-1780391062000-h_107w,CartTest_1780391062000,,,draft,,variant_opv2uslxggc0psiioik7hrpo3p,Default,CART_1780391062669,FALSE,TRUE,
prod_fp9bsii0dx31h68p4v3ys9i0pu,import_test_1780391094483,导入测试产品,,描述,draft,,variant_0phik1jid9kkzpszvvgq0fgaqs,默认,SKU_1780391094483,FALSE,TRUE,19.99
prod_w9a0mbmuvtzn1luqyxrzmkn26z,checkout-1780391105578-h_f2iu,Checkout_1780391105578,,,draft,,variant_krhgj05ph8ca0zlw6hllhdpfdc,Default,CHK_1780391106251,FALSE,TRUE,
prod_xsac4mp3wb6gcu4boou5qshmun,batch-1780391124590-h_djfc,Batch_1780391124590,,,draft,,,,,,,
prod_2x37ujzodzv604rn62idux6kv4,catprod-1780391191313-h_6cg7,CatProd_1780391191313,,,draft,,,,,,,
prod_r70m2azdl0mv9zagi5ij511cbu,colprod-1780391195618-h_7dn3,ColProd_1780391195618,,,draft,,,,,,,
prod_05qshwr2obxycpjilkur6x3onx,import_test_1780391235762,导入测试产品,,描述,draft,,variant_zwi0gntee4r5dde4ca7dcyj9at,默认,SKU_1780391235762,FALSE,TRUE,19.99
prod_pp9fmwsy98fw268653bkes48p8,checkout-1780391246091-h_iew8,Checkout_1780391246091,,,draft,,variant_m4s4siztv6yoaabbkotdh43shy,Default,CHK_1780391246725,FALSE,TRUE,
prod_530yi3s14fjad1jfmnuo5shyje,batch-1780391263403-h_c3np,Batch_1780391263403,,,draft,,,,,,,
prod_0vzotmvytkqr8l7rkjjpavlp3i,carttest-1780391466657-h_h083,CartTest_1780391466657,,,draft,,variant_kldbd95pr279hju0nl1qn1t9r0,Default,CART_1780391467306,FALSE,TRUE,
prod_tkqqnteoe91feeszinqxi4cyje,1780391676445-h_e22i,选项测试_1780391676445,,,draft,,,,,,,
prod_yn0omvrvrqnve2dmp2t011y9q9,rma-1780391732189-h_o446,RMA_1780391732189,,,draft,,variant_mukrau7qtro9lbni3t2p8ght9c,Default,RMA_1780391732840,FALSE,TRUE,
prod_783l25k4mhqdex1f12hexxvrnj,rma-1780391767487-h_8t7r,RMA_1780391767487,,,draft,,variant_i2nyl0sae70sk2nkde3jcoh407,Default,RMA_1780391768142,FALSE,TRUE,
prod_4q45e9vhbwttr2f6rq4lurnpx2,rma-1780391786374-h_7ndb,RMA_1780391786374,,,draft,,variant_lja6ce79fq6ywvvn4uwf9y609u,Default,RMA_1780391786975,FALSE,TRUE,
prod_shsambpbqgn38ilo5pa92iq4ri,catprod-1780391834417-h_1foq,CatProd_1780391834417,,,draft,,,,,,,
prod_j64nhkrcec3pn889q62da64faw,colprod-1780391838273-h_o6w4,ColProd_1780391838273,,,draft,,,,,,,
prod_syjg60szm7kurjp3h3vwhlrb42,import_test_1780391892012,导入测试产品,,描述,draft,,variant_rdxllgnt7h5jql9xn9rel1dpq7,默认,SKU_1780391892012,FALSE,TRUE,19.99
prod_vhgmrrbayz2bscu12b3906f8u0,checkout-1780391902624-h_dres,Checkout_1780391902624,,,draft,,variant_8a005g9m9sq1qqpz464f5dcmih,Default,CHK_1780391903268,FALSE,TRUE,
prod_l3pur649eftpc8tig4mfxkihrw,batch-1780391932850-h_5r3i,Batch_1780391932850,,,draft,,,,,,,
prod_566ahd36zmjvjnrhxkcmgcwiye,catprod-1780404695418-h_mrko,CatProd_1780404695418,,,draft,,,,,,,
prod_te80lpa9gua51dztyu9z9k4bw0,rma-1780404585321-h_zflc,RMA_1780404585321,,,draft,,variant_xhzlt1fcffmt1d26w5am4fbzzg,Default,RMA_1780404585481,FALSE,TRUE,
prod_lnzxlcc4kvyc1z2afzcxo2r1xv,rma-1780404599545-h_6rc4,RMA_1780404599545,,,draft,,variant_uq8pdpwu5ckf1uutn5bfognqdm,Default,RMA_1780404599703,FALSE,TRUE,
prod_hj36hz9j739jy4di2vhoghbgdb,rma-1780404609240-h_f4wa,RMA_1780404609240,,,draft,,variant_jwoh9vyvkvjsmlg2smgq9qaov5,Default,RMA_1780404609399,FALSE,TRUE,
prod_80a732nrhf7rted3b0qncurt48,carttest-1780404619689-h_3g1f,CartTest_1780404619689,,,draft,,variant_d5ausf2bh3qup94zvagmzlx7ua,Default,CART_1780404619887,FALSE,TRUE,
prod_dllmapuzexn2gdkrci792ao4t2,colprod-1780404697464-h_jzks,ColProd_1780404697464,,,draft,,,,,,,
prod_yhia4t1pdfj27mjs9ujekc8ups,import_test_1780404741301,导入测试产品,,描述,draft,,variant_pn9x1bbj4t86p9x6a3p90njnxq,默认,SKU_1780404741301,FALSE,TRUE,19.99
prod_33cl4r6ysjcxycekdh7fw8ntbg,checkout-1780404762764-h_n5nd,Checkout_1780404762764,,,draft,,variant_poz0s9cq7un5mle8d3oyfxoilf,Default,CHK_1780404763159,FALSE,TRUE,
prod_7xuoksvvr2vlv2m1lz5t6xl34g,batch-1780404782078-h_wbuf,Batch_1780404782078,,,draft,,,,,,,
prod_pn8ilup5kthz5jlqq4m2acj98r,rma-1780405862799-h_mhkz,RMA_1780405862799,,,draft,,variant_bup0reucbqh6dtg8e08odci7xw,Default,RMA_1780405862964,FALSE,TRUE,
prod_t3clezcfgt1g3d2pypqlhonckk,rma-1780405871477-h_5ws4,RMA_1780405871477,,,draft,,variant_qs2bw1uiiing6hkiz2xmbu15ni,Default,RMA_1780405871641,FALSE,TRUE,
prod_dtveko4cxn12ffp1aldaudp7la,rma-1780405844382-h_napx,RMA_1780405844382,,,draft,,variant_78jdpa4jnzi5r6iurg6gc15m9w,Default,RMA_1780405844549,FALSE,TRUE,
prod_wuhikxthg1yy38lsx0tej8cr9g,carttest-1780405883705-h_kjke,CartTest_1780405883705,,,draft,,variant_adxxi2gkadojqfrnip6yi1f7gk,Default,CART_1780405884593,FALSE,TRUE,
prod_jaj66ng17uc56pr1y5057kfr3t,import_test_1780405978034,导入测试产品,,描述,draft,,variant_bg2ncsb223rycrjht3p7xljmjo,默认,SKU_1780405978034,FALSE,TRUE,19.99
prod_01KSH32ARCQV7657K51KFCM65M,t-shirt,Medusa T-Shirt,,"Reimagine the feeling of a classic T-shirt. With our cotton T-shirts, everyday essentials no longer have to be ordinary.",published,https://medusa-public-images.s3.eu-west-1.amazonaws.com/tee-black-front.png,variant_01KSH32DX532F47DYGKJB1R4GG,S / Black,SHIRT-S-BLACK,FALSE,TRUE,
prod_01KSH32ARCQV7657K51KFCM65M,t-shirt,Medusa T-Shirt,,"Reimagine the feeling of a classic T-shirt. With our cotton T-shirts, everyday essentials no longer have to be ordinary.",published,https://medusa-public-images.s3.eu-west-1.amazonaws.com/tee-black-front.png,variant_01KSH32DX51BFTW19EC5VYSED0,S / White,SHIRT-S-WHITE,FALSE,TRUE,
prod_01KSH32ARCQV7657K51KFCM65M,t-shirt,Medusa T-Shirt,,"Reimagine the feeling of a classic T-shirt. With our cotton T-shirts, everyday essentials no longer have to be ordinary.",published,https://medusa-public-images.s3.eu-west-1.amazonaws.com/tee-black-front.png,variant_01KSH32DX5JQMQW2Y20JV34Y5N,M / Black,SHIRT-M-BLACK,FALSE,TRUE,
prod_01KSH32ARCQV7657K51KFCM65M,t-shirt,Medusa T-Shirt,,"Reimagine the feeling of a classic T-shirt. With our cotton T-shirts, everyday essentials no longer have to be ordinary.",published,https://medusa-public-images.s3.eu-west-1.amazonaws.com/tee-black-front.png,variant_01KSH32DX681S00F4XESBT05MD,M / White,SHIRT-M-WHITE,FALSE,TRUE,
prod_01KSH32ARCQV7657K51KFCM65M,t-shirt,Medusa T-Shirt,,"Reimagine the feeling of a classic T-shirt. With our cotton T-shirts, everyday essentials no longer have to be ordinary.",published,https://medusa-public-images.s3.eu-west-1.amazonaws.com/tee-black-front.png,variant_01KSH32DX62B9941S5XETGT3YN,L / Black,SHIRT-L-BLACK,FALSE,TRUE,
prod_01KSH32ARCQV7657K51KFCM65M,t-shirt,Medusa T-Shirt,,"Reimagine the feeling of a classic T-shirt. With our cotton T-shirts, everyday essentials no longer have to be ordinary.",published,https://medusa-public-images.s3.eu-west-1.amazonaws.com/tee-black-front.png,variant_01KSH32DX6Q1RD5BPGWNC312M2,L / White,SHIRT-L-WHITE,FALSE,TRUE,
prod_01KSH32ARCQV7657K51KFCM65M,t-shirt,Medusa T-Shirt,,"Reimagine the feeling of a classic T-shirt. With our cotton T-shirts, everyday essentials no longer have to be ordinary.",published,https://medusa-public-images.s3.eu-west-1.amazonaws.com/tee-black-front.png,variant_01KSH32DX6YNWF1DWN0RV05TKR,XL / Black,SHIRT-XL-BLACK,FALSE,TRUE,
prod_01KSH32ARCQV7657K51KFCM65M,t-shirt,Medusa T-Shirt,,"Reimagine the feeling of a classic T-shirt. With our cotton T-shirts, everyday essentials no longer have to be ordinary.",published,https://medusa-public-images.s3.eu-west-1.amazonaws.com/tee-black-front.png,variant_01KSH32DX7RJAS0F93046X1XXG,XL / White,SHIRT-XL-WHITE,FALSE,TRUE,
prod_01KSH32ARDVKST6V1PS2AM6FNS,sweatshirt,Medusa Sweatshirt,,"Reimagine the feeling of a classic sweatshirt. With our cotton sweatshirt, everyday essentials no longer have to be ordinary.",published,https://medusa-public-images.s3.eu-west-1.amazonaws.com/sweatshirt-vintage-front.png,variant_01KSH32DX7YXHZGVZVJZCXH0MZ,S,SWEATSHIRT-S,FALSE,TRUE,
prod_01KSH32ARDVKST6V1PS2AM6FNS,sweatshirt,Medusa Sweatshirt,,"Reimagine the feeling of a classic sweatshirt. With our cotton sweatshirt, everyday essentials no longer have to be ordinary.",published,https://medusa-public-images.s3.eu-west-1.amazonaws.com/sweatshirt-vintage-front.png,variant_01KSH32DX7VTNJ0ND5F73P03DM,M,SWEATSHIRT-M,FALSE,TRUE,
prod_01KSH32ARDVKST6V1PS2AM6FNS,sweatshirt,Medusa Sweatshirt,,"Reimagine the feeling of a classic sweatshirt. With our cotton sweatshirt, everyday essentials no longer have to be ordinary.",published,https://medusa-public-images.s3.eu-west-1.amazonaws.com/sweatshirt-vintage-front.png,variant_01KSH32DX7AJTKZK9CQRMJ5M3Q,L,SWEATSHIRT-L,FALSE,TRUE,
prod_01KSH32ARDVKST6V1PS2AM6FNS,sweatshirt,Medusa Sweatshirt,,"Reimagine the feeling of a classic sweatshirt. With our cotton sweatshirt, everyday essentials no longer have to be ordinary.",published,https://medusa-public-images.s3.eu-west-1.amazonaws.com/sweatshirt-vintage-front.png,variant_01KSH32DX7VBBNW4NZEWSP1FP2,XL,SWEATSHIRT-XL,FALSE,TRUE,
prod_01KSH32ARD627C3M2CBEM5J556,sweatpants,Medusa Sweatpants,,"Reimagine the feeling of classic sweatpants. With our cotton sweatpants, everyday essentials no longer have to be ordinary.",published,https://medusa-public-images.s3.eu-west-1.amazonaws.com/sweatpants-gray-front.png,variant_01KSH32DX80QTJJNEB7H966RN5,S,SWEATPANTS-S,FALSE,TRUE,
prod_01KSH32ARD627C3M2CBEM5J556,sweatpants,Medusa Sweatpants,,"Reimagine the feeling of classic sweatpants. With our cotton sweatpants, everyday essentials no longer have to be ordinary.",published,https://medusa-public-images.s3.eu-west-1.amazonaws.com/sweatpants-gray-front.png,variant_01KSH32DX8NHWFF1R4AG62HQJ2,M,SWEATPANTS-M,FALSE,TRUE,
prod_01KSH32ARD627C3M2CBEM5J556,sweatpants,Medusa Sweatpants,,"Reimagine the feeling of classic sweatpants. With our cotton sweatpants, everyday essentials no longer have to be ordinary.",published,https://medusa-public-images.s3.eu-west-1.amazonaws.com/sweatpants-gray-front.png,variant_01KSH32DX8CCTARQPA4PV3DZW8,L,SWEATPANTS-L,FALSE,TRUE,
prod_01KSH32ARD627C3M2CBEM5J556,sweatpants,Medusa Sweatpants,,"Reimagine the feeling of classic sweatpants. With our cotton sweatpants, everyday essentials no longer have to be ordinary.",published,https://medusa-public-images.s3.eu-west-1.amazonaws.com/sweatpants-gray-front.png,variant_01KSH32DX8105HP9VWZRFWRBNY,XL,SWEATPANTS-XL,FALSE,TRUE,
prod_01KSH32ARDTZA2AA7R8SBFKYPW,shorts,Medusa Shorts,,"Reimagine the feeling of classic shorts. With our cotton shorts, everyday essentials no longer have to be ordinary.",published,https://medusa-public-images.s3.eu-west-1.amazonaws.com/shorts-vintage-front.png,variant_01KSH32DX8B4YMJGYPB6NYJD10,S,SHORTS-S,FALSE,TRUE,
prod_01KSH32ARDTZA2AA7R8SBFKYPW,shorts,Medusa Shorts,,"Reimagine the feeling of classic shorts. With our cotton shorts, everyday essentials no longer have to be ordinary.",published,https://medusa-public-images.s3.eu-west-1.amazonaws.com/shorts-vintage-front.png,variant_01KSH32DX8Z8AMMQC9HATWJB60,M,SHORTS-M,FALSE,TRUE,
prod_01KSH32ARDTZA2AA7R8SBFKYPW,shorts,Medusa Shorts,,"Reimagine the feeling of classic shorts. With our cotton shorts, everyday essentials no longer have to be ordinary.",published,https://medusa-public-images.s3.eu-west-1.amazonaws.com/shorts-vintage-front.png,variant_01KSH32DX94MKZTY3277TM8YS3,L,SHORTS-L,FALSE,TRUE,
prod_01KSH32ARDTZA2AA7R8SBFKYPW,shorts,Medusa Shorts,,"Reimagine the feeling of classic shorts. With our cotton shorts, everyday essentials no longer have to be ordinary.",published,https://medusa-public-images.s3.eu-west-1.amazonaws.com/shorts-vintage-front.png,variant_01KSH32DX9Q1RZJWQVRJBSJW8E,XL,SHORTS-XL,FALSE,TRUE,